{
	"ambientocclusion": false,
    "textures": {
        "particle": "blocks/planks_acacia",
        "0": "blocks/door_acacia"
    },
    "elements": [
        {
            "name": "1V",
            "from": [ 0.0, 0.0, 13.0 ], 
            "to": [ 3.0, 16.0, 16.0 ], 
            "faces": {
                "north": { "texture": "#0", "uv": [ 8.0, 0.0, 6.500000000000002, 8.0 ] },
                "east": { "texture": "#0", "uv": [ 8.0, 0.0, 9.5, 8.0 ] },
                "south": { "texture": "#0", "uv": [ 5.0, 0.0, 6.5, 8.0 ] },
                "west": { "texture": "#0", "uv": [ 14.5, 0.0, 16.0, 8.0 ] }
            }
        },
        {
            "name": "2V",
            "from": [ 0.0, 0.0, 9.0 ], 
            "to": [ 3.0, 16.0, 11.0 ], 
            "faces": {
                "north": { "texture": "#0", "uv": [ 8.0, 0.0, 6.500000000000002, 8.0 ] },
                "east": { "texture": "#0", "uv": [ 10.5, 0.0, 11.5, 8.0 ] },
                "south": { "texture": "#0", "uv": [ 5.0, 0.0, 6.5, 8.0 ] },
                "west": { "texture": "#0", "uv": [ 12.5, 0.0, 13.5, 8.0 ] }
            }
        },
        {
            "name": "3V",
            "from": [ 0.0, 0.0, 5.0 ], 
            "to": [ 3.0, 16.0, 7.0 ], 
            "faces": {
                "north": { "texture": "#0", "uv": [ 8.0, 0.0, 6.500000000000002, 8.0 ] },
                "east": { "texture": "#0", "uv": [ 12.5, 0.0, 13.5, 8.0 ] },
                "south": { "texture": "#0", "uv": [ 5.0, 0.0, 6.5, 8.0 ] },
                "west": { "texture": "#0", "uv": [ 10.5, 0.0, 11.5, 8.0 ] }
            }
        },
        {
            "name": "4V",
            "from": [ 0.0, 0.0, 0.0 ], 
            "to": [ 3.0, 16.0, 3.0 ], 
            "faces": {
                "north": { "texture": "#0", "uv": [ 8.0, 0.0, 6.500000000000002, 8.0 ] },
                "east": { "texture": "#0", "uv": [ 14.499999999999998, 0.0, 15.999999999999998, 8.0 ] },
                "south": { "texture": "#0", "uv": [ 5.0, 0.0, 6.5, 8.0 ] },
                "west": { "texture": "#0", "uv": [ 7.999999999999998, 0.0, 9.500000000000004, 8.0 ] }
            }
        },
        {
            "name": "Top",
            "from": [ 0.0, 14.0, 0.0 ], 
            "to": [ 3.0, 16.0, 16.0 ], 
            "faces": {
                "east": { "texture": "#0", "uv": [ 8.0, -3.552713678800501E-15, 16.0, 1.0 ] },
                "west": { "texture": "#0", "uv": [ 8.0, 0.0, 16.0, 1.0000000000000036 ] },
                "up": { "texture": "#0", "uv": [ 4.999999999999997, 8.0, 3.4999999999999996, 16.0 ] },
                "down": { "texture": "#0", "uv": [ 3.499999999999999, 8.0, 5.0, 16.0 ] }
            }
        },
        {
            "name": "Bottom",
            "from": [ 0.0, 0.0, 0.0 ], 
            "to": [ 3.0, 1.0, 16.0 ], 
            "faces": {
                "east": { "texture": "#0", "uv": [ 8.0, 7.499999999999995, 16.0, 8.0 ] },
                "west": { "texture": "#0", "uv": [ 8.0, 7.499999999999995, 16.0, 8.0 ] },
                "up": { "texture": "#0", "uv": [ 4.999999999999997, 8.0, 3.4999999999999996, 16.0 ] },
                "down": { "texture": "#0", "uv": [ 3.499999999999999, 8.0, 5.0, 16.0 ] }
            }
        }
    ]
}