{
    "__comment": "Model generated using MrCrayfish's Model Creator (http://mrcrayfish.com/modelcreator/)",
    "textures": {
        "particle": "blocks/cake_side",
        "0": "blocks/cake_side",
        "1": "blocks/cake_inner",
        "2": "blocks/cake_top",
        "3": "blocks/cake_bottom"
    },
    "elements": [
        {
            "name": "Base",
            "from": [ 1.0, 0.0, 1.0 ], 
            "to": [ 3.0, 8.0, 15.0 ], 
            "faces": {
                "north": { "texture": "#0", "uv": [ 1.0, 8.0, 3.0, 16.0 ] },
                "east": { "texture": "#1", "uv": [ 1.0, 8.0, 15.0, 16.0 ] },
                "south": { "texture": "#0", "uv": [ 1.0, 8.0, 3.0, 16.0 ] },
                "west": { "texture": "#0", "uv": [ 1.0, 8.0, 15.0, 16.0 ] },
                "up": { "texture": "#2", "uv": [ 1.0, 1.0, 3.0, 15.0 ] },
                "down": { "texture": "#3", "uv": [ 1.0, 1.0, 3.0, 15.0 ], "cullface": "down" }
            }
        }
    ]
}