{
    "__comment": "Model generated using MrCrayfish's Model Creator (http://mrcrayfish.com/modelcreator/)",
    "parent": "block/thin_block",
	"textures": {
        "particle": "blocks/daylight_detector_top",
        "0": "blocks/daylight_detector_side",
        "1": "blocks/daylight_detector_top",
        "2": "blocks/daylight_detector_bottom"
    },
    "elements": [
        {
            "name": "Element",
            "from": [ 0.0, 0.0, 0.0 ], 
            "to": [ 16.0, 2.0, 16.0 ], 
            "faces": {
                "north": { "texture": "#0", "uv": [ 0.0, 0.0, 16.0, 2.0 ], "cullface": "north" },
                "east": { "texture": "#0", "uv": [ 0.0, 0.0, 16.0, 2.0 ], "cullface": "east" },
                "south": { "texture": "#0", "uv": [ 0.0, 0.0, 16.0, 2.0 ], "cullface": "south" },
                "west": { "texture": "#0", "uv": [ 0.0, 0.0, 16.0, 2.0 ], "cullface": "west" },
                "up": { "texture": "#1", "uv": [ 0.0, 0.0, 16.0, 16.0 ] },
                "down": { "texture": "#2", "uv": [ 0.0, 0.0, 16.0, 16.0 ], "cullface": "down" }
            }
        }
    ]
}