{
    "__comment": "Model generated using MrCrayfish's Model Creator (http://mrcrayfish.com/modelcreator/)",
    "textures": {
        "particle": "blocks/planks_oak",
        "0": "blocks/trapdoor"
    },
    "elements": [
        {
            "name": "Left",
            "from": [ 13.0, 0.0, 13.0 ], 
            "to": [ 16.0, 16.0, 16.0 ], 
            "faces": {
                "north": { "texture": "#0", "uv": [ 0.0, 0.0, 1.4999999999999996, 8.0 ] },
                "east": { "texture": "#0", "uv": [ 8.0, 0.0, 9.499999999999998, 8.0 ] },
                "south": { "texture": "#0", "uv": [ 6.500000000000002, 0.0, 8.0, 8.0 ], "cullface": "south" },
                "west": { "texture": "#0", "uv": [ 8.0, 0.0, 9.500000000000002, 8.0 ], "cullface": "west" }
            }
        },
        {
            "name": "Right",
            "from": [ 0.0, 0.0, 13.0 ], 
            "to": [ 3.0, 16.0, 16.0 ], 
            "faces": {
                "north": { "texture": "#0", "uv": [ 6.500000000000002, 0.0, 8.000000000000002, 8.0 ] },
                "east": { "texture": "#0", "uv": [ 8.0, 0.0, 9.499999999999998, 8.0 ], "rotation": 180 },
                "south": { "texture": "#0", "uv": [ 1.8041124150158794E-15, 0.0, 1.4999999999999996, 8.0 ] },
                "west": { "texture": "#0", "uv": [ 8.0, 0.0, 9.500000000000002, 8.0 ], "rotation": 180 }
            }
        },
        {
            "name": "Bottom",
            "from": [ 0.0, 0.0, 13.0 ], 
            "to": [ 16.0, 3.0, 16.0 ], 
            "faces": {
                "north": { "texture": "#0", "uv": [ 0.0, 6.499999999999998, 8.0, 8.0 ] },
                "south": { "texture": "#0", "uv": [ 0.0, 6.500000000000002, 8.0, 8.0 ] },
                "up": { "texture": "#0", "uv": [ 8.0, 0.0, 9.499999999999998, 8.0 ], "rotation": 90 },
                "down": { "texture": "#0", "uv": [ 8.0, 0.0, 9.500000000000002, 8.0 ], "rotation": 90 }
            }
        },
        {
            "name": "Top",
            "from": [ 0.0, 13.0, 13.0 ], 
            "to": [ 16.0, 16.0, 16.0 ], 
            "faces": {
                "north": { "texture": "#0", "uv": [ 0.0, -1.7486012637846216E-15, 8.0, 1.4999999999999996 ] },
                "south": { "texture": "#0", "uv": [ 0.0, 1.8041124150158794E-15, 8.0, 1.4999999999999996 ] },
                "up": { "texture": "#0", "uv": [ 8.0, 0.0, 9.499999999999998, 8.0 ], "rotation": 270 },
                "down": { "texture": "#0", "uv": [ 8.0, 0.0, 9.500000000000002, 8.0 ], "rotation": 270 }
            }
        },
        {
            "name": "Vert",
            "from": [ 6.0, 0.0, 13.0 ], 
            "to": [ 10.0, 16.0, 16.0 ], 
            "faces": {
                "north": { "texture": "#0", "uv": [ 3.0, 0.0, 5.0, 8.0 ] },
                "east": { "texture": "#0", "uv": [ 8.0, 0.0, 9.499999999999998, 8.0 ] },
                "south": { "texture": "#0", "uv": [ 3.0, 0.0, 5.0, 8.0 ] },
                "west": { "texture": "#0", "uv": [ 8.0, 0.0, 9.499999999999998, 8.0 ], "rotation": 180 }
            }
        },
        {
            "name": "Horiz",
            "from": [ 0.0, 6.0, 13.0 ], 
            "to": [ 16.0, 10.0, 16.0 ], 
            "faces": {
                "north": { "texture": "#0", "uv": [ 0.0, 3.0, 8.0, 5.0 ] },
                "south": { "texture": "#0", "uv": [ 0.0, 3.0, 8.0, 5.0 ] },
                "up": { "texture": "#0", "uv": [ 8.0, 0.0, 9.500000000000002, 8.0 ], "rotation": 270 },
                "down": { "texture": "#0", "uv": [ 8.0, 0.0, 9.500000000000002, 8.0 ], "rotation": 90 }
            }
        }
    ]
}