{
    "variants": {
        "powered=false,shape=north_south":  { "model": "golden_rail" },
        "powered=false,shape=east_west":  { "model": "golden_rail", "y": 90 },
        "powered=false,shape=ascending_east": { "model": "golden_rail_sloped", "y": 90 },
        "powered=false,shape=ascending_west": { "model": "golden_rail_sloped", "y": 270 },
        "powered=false,shape=ascending_north": { "model": "golden_rail_sloped" },
        "powered=false,shape=ascending_south": { "model": "golden_rail_sloped", "y": 180 },
        "powered=true,shape=north_south":  { "model": "golden_rail_on" },
        "powered=true,shape=east_west":  { "model": "golden_rail_on", "y": 90 },
        "powered=true,shape=ascending_east": { "model": "golden_rail_on_sloped", "y": 90 },
        "powered=true,shape=ascending_west": { "model": "golden_rail_on_sloped", "y": 270 },
        "powered=true,shape=ascending_north": { "model": "golden_rail_on_sloped" },
        "powered=true,shape=ascending_south": { "model": "golden_rail_on_sloped", "y": 180 }
    }
}
